First Name,Last Name,Email,Slug
James,Keane,james.keane@replgroup.com,james-keane
Steve,Stevens,steve.stevens@replgroup.com,steve-stevens
Brad,Bingham,brad.bingham@replgroup.com,brad-bingham